INFORMA CIBINONG FURNITURE,https://www.google.com/maps/place/INFORMA+CIBINONG+FURNITURE/data=!4m7!3m6!1s0x2e69c15588fd93c5:0x10eac0c197f68e3d!8m2!3d-6.484217!4d106.842361!16s%2Fg%2F1q62fxtmb!19sChIJxZP9iFXBaS4RPY72l8HA6hA?authuser=0&hl=id&rclk=1,Ikea Depok
IKEA Sentul City,https://www.google.com/maps/place/IKEA+Sentul+City/data=!4m7!3m6!1s0x2e69c73d34264871:0xb16ab9324c760891!8m2!3d-6.567232!4d106.855091!16s%2Fg%2F11hymsytry!19sChIJcUgmND3HaS4RkQh2TDK5arE?authuser=0&hl=id&rclk=1,Ikea Depok
IKEA Sentul City,https://www.google.com/maps/place/IKEA+Sentul+City/data=!4m7!3m6!1s0x2e69c73d34264871:0xb16ab9324c760891!8m2!3d-6.5672323!4d106.855091!16s%2Fg%2F11hymsytry!19sChIJcUgmND3HaS4RkQh2TDK5arE?authuser=0&hl=id&rclk=1,Ikea Depok
IKEA Alam Sutera,https://www.google.com/maps/place/IKEA+Alam+Sutera/data=!4m7!3m6!1s0x2e69f962e74a18f5:0xdb2888507e578fb2!8m2!3d-6.2196546!4d106.6631162!16s%2Fg%2F11b649bqfz!19sChIJ9RhK52L5aS4Rso9XflCIKNs?authuser=0&hl=id&rclk=1,Ikea Depok
Nanioke,https://www.google.com/maps/place/Nanioke/data=!4m7!3m6!1s0x2e69ef2ee3803d09:0x3abdc508bdc6b8ee!8m2!3d-6.3718162!4d106.796687!16s%2Fg%2F11ppdwstlb!19sChIJCT2A4y7vaS4R7rjGvQjFvTo?authuser=0&hl=id&rclk=1,Ikea Depok
IKEA Jakarta Garden City,https://www.google.com/maps/place/IKEA+Jakarta+Garden+City/data=!4m7!3m6!1s0x2e698b4589e3470f:0x1b65d1f70f636ba3!8m2!3d-6.1710064!4d106.9532439!16s%2Fg%2F11mvlq08tz!19sChIJD0fjiUWLaS4Ro2tjD_fRZRs?authuser=0&hl=id&rclk=1,Ikea Depok
IKEA Mal Taman Anggrek,https://www.google.com/maps/place/IKEA+Mal+Taman+Anggrek/data=!4m7!3m6!1s0x2e69f727f19d6c09:0xf5f7879606e491f2!8m2!3d-6.1778043!4d106.7927175!16s%2Fg%2F11q9fr5hfq!19sChIJCWyd8Sf3aS4R8pHkBpaH9_U?authuser=0&hl=id&rclk=1,Ikea Depok
IKEA Kota Baru Parahyangan,https://www.google.com/maps/place/IKEA+Kota+Baru+Parahyangan/data=!4m7!3m6!1s0x2e68fb9c9120e42f:0x28252fe17424dae6!8m2!3d-6.8671833!4d107.4667654!16s%2Fg%2F11nnz9l5bq!19sChIJL-QgkZz7aC4R5tokdOEvJSg?authuser=0&hl=id&rclk=1,Ikea Depok
Distribution Point IKEA - Bekasi,https://www.google.com/maps/place/Distribution+Point+IKEA+-+Bekasi/data=!4m7!3m6!1s0x2e698bbbc625a4ef:0x5766faaa650cab26!8m2!3d-6.1858031!4d106.973951!16s%2Fg%2F11gf8f6lgx!19sChIJ76QlxruLaS4RJqsMZar6Zlc?authuser=0&hl=id&rclk=1,Ikea Depok
NITORI Central Park Mall,https://www.google.com/maps/place/NITORI+Central+Park+Mall/data=!4m7!3m6!1s0x2e69f7007dced5f3:0xa694310402635394!8m2!3d-6.1778326!4d106.7911424!16s%2Fg%2F11w3sp24jt!19sChIJ89XOfQD3aS4RlFNjAgQxlKY?authuser=0&hl=id&rclk=1,Ikea Depok
Jasa pasang / rakit produk IKEA,https://www.google.com/maps/place/Jasa+pasang+%2F+rakit+produk+IKEA/data=!4m7!3m6!1s0x2e69ebf96cb13c19:0xb5b8a0911940d629!8m2!3d-6.3516095!4d106.817951!16s%2Fg%2F11nnmd9p70!19sChIJGTyxbPnraS4RKdZAGZGguLU?authuser=0&hl=id&rclk=1,Ikea Depok
IKEA Pick-up Point - Podomoro Golf View Cimanggis,https://www.google.com/maps/place/IKEA+Pick-up+Point+-+Podomoro+Golf+View+Cimanggis/data=!4m7!3m6!1s0x2e69eb13bb3befc3:0x7b8985e978a68f75!8m2!3d-6.4315242!4d106.8932301!16s%2Fg%2F11rw0zq2k4!19sChIJw-87uxPraS4RdY-meOmFiXs?authuser=0&hl=id&rclk=1,Ikea Depok
Jastip ikea putri,https://www.google.com/maps/place/Jastip+ikea+putri/data=!4m7!3m6!1s0x2e69e9fbaa742377:0x75ae0899fccbb39b!8m2!3d-6.3870195!4d106.7719629!16s%2Fg%2F11rgnt5hcc!19sChIJdyN0qvvpaS4Rm7PL_JkIrnU?authuser=0&hl=id&rclk=1,Ikea Depok
Kopi Nako Depok,https://www.google.com/maps/place/Kopi+Nako+Depok/data=!4m7!3m6!1s0x2e69eb9b9ebc6ce9:0x3f35d853d6f1c144!8m2!3d-6.396644!4d106.8205375!16s%2Fg%2F11fq8y0ndh!19sChIJ6Wy8npvraS4RRMHx1lPYNT8?authuser=0&hl=id&rclk=1,Cafe Depok
KOPSAN Satria FU TJ Depok,https://www.google.com/maps/place/KOPSAN+Satria+FU+TJ+Depok/data=!4m7!3m6!1s0x2e69ebda5f58faad:0xa35108c974763acf!8m2!3d-6.4272895!4d106.8588275!16s%2Fg%2F11zgm3vk1l!19sChIJrfpYX9rraS4Rzzp2dMkIUaM?authuser=0&hl=id&rclk=1,Cafe Depok
Cafe bima,https://www.google.com/maps/place/Cafe+bima/data=!4m7!3m6!1s0x2e69eb005505a433:0x6b621ea16f8d2495!8m2!3d-6.4273685!4d106.8591773!16s%2Fg%2F11nq1mb3sg!19sChIJM6QFVQDraS4RlSSNb6EeYms?authuser=0&hl=id&rclk=1,Cafe Depok
LOUIS CAFE,https://www.google.com/maps/place/LOUIS+CAFE/data=!4m7!3m6!1s0x2e69eb637b8202a9:0x315f768f09c983b2!8m2!3d-6.400661!4d106.824673!16s%2Fg%2F11h0hjrjpg!19sChIJqQKCe2PraS4RsoPJCY92XzE?authuser=0&hl=id&rclk=1,Cafe Depok
ARBOREA CAFE JATIJAJAR,https://www.google.com/maps/place/ARBOREA+CAFE+JATIJAJAR/data=!4m7!3m6!1s0x2e69eb06975993d3:0x42586846c606af26!8m2!3d-6.4232535!4d106.8590234!16s%2Fg%2F11vlhf87y0!19sChIJ05NZlwbraS4RJq8GxkZoWEI?authuser=0&hl=id&rclk=1,Cafe Depok
Dadi's Coffee Garden,https://www.google.com/maps/place/Dadi%27s+Coffee+Garden/data=!4m7!3m6!1s0x2e69ebb13167be29:0x810af8e8fe749f7c!8m2!3d-6.3995841!4d106.8221599!16s%2Fg%2F11pq45rr1g!19sChIJKb5nMbHraS4RfJ90_uj4CoE?authuser=0&hl=id&rclk=1,Cafe Depok
Jaaflo Kaffe Depok,https://www.google.com/maps/place/Jaaflo+Kaffe+Depok/data=!4m7!3m6!1s0x2e69eb70bc8a4db5:0xfb4b9e5d76f15ae!8m2!3d-6.4054751!4d106.861835!16s%2Fg%2F11vpyxy054!19sChIJtU2KvHDraS4RrhVv1-W5tA8?authuser=0&hl=id&rclk=1,Cafe Depok
Matuju Coffee & Kitchen,https://www.google.com/maps/place/Matuju+Coffee+%26+Kitchen/data=!4m7!3m6!1s0x2e69ebf22a432dbd:0x40fbf7cb1919bf72!8m2!3d-6.4384047!4d106.8791087!16s%2Fg%2F11w8s1tczd!19sChIJvS1DKvLraS4Rcr8ZGcv3-0A?authuser=0&hl=id&rclk=1,Cafe Depok
Savio coffee and eatery,https://www.google.com/maps/place/Savio+coffee+and+eatery/data=!4m7!3m6!1s0x2e69eb973db73c61:0xb7f748407799006a!8m2!3d-6.3965981!4d106.8512475!16s%2Fg%2F11f1mw9v5v!19sChIJYTy3PZfraS4RagCZd0BI97c?authuser=0&hl=id&rclk=1,Cafe Depok
Edisan Coffee Villa Pertiwi,https://www.google.com/maps/place/Edisan+Coffee+Villa+Pertiwi/data=!4m7!3m6!1s0x2e69eb11abb646b5:0xe80e51888a37670!8m2!3d-6.4188958!4d106.8529157!16s%2Fg%2F11n16bhwxg!19sChIJtUa2qxHraS4RcHajiBjlgA4?authuser=0&hl=id&rclk=1,Cafe Depok
Kaldera Coffee & Kitchen,https://www.google.com/maps/place/Kaldera+Coffee+%26+Kitchen/data=!4m7!3m6!1s0x2e69ebb6455eea49:0x98eaf4c22121d47d!8m2!3d-6.421128!4d106.8612725!16s%2Fg%2F11srd04958!19sChIJSepeRbbraS4RfdQhIcL06pg?authuser=0&hl=id&rclk=1,Cafe Depok
Depok ubi bakery,https://www.google.com/maps/place/Depok+ubi+bakery/data=!4m7!3m6!1s0x2e69eb2950d3a853:0x243242aa1496368!8m2!3d-6.4270173!4d106.8617653!16s%2Fg%2F11fptzb8l1!19sChIJU6jTUCnraS4RaGNJoSokQwI?authuser=0&hl=id&rclk=1,Cafe Depok
Tongkrongan BO-GEM Board Game Cafe Depok (BOGEM),https://www.google.com/maps/place/Tongkrongan+BO-GEM+Board+Game+Cafe+Depok+%28BOGEM%29/data=!4m7!3m6!1s0x2e69c36335dd9fbf:0x38c4f2fbcf2978cc!8m2!3d-6.4188429!4d106.8237579!16s%2Fg%2F11xlkfg50q!19sChIJv5_dNWPDaS4RzHgpz_vyxDg?authuser=0&hl=id&rclk=1,Cafe Depok
PHiL & CO - Coffee Shop - Stasiun Depok Lama - Working Space,https://www.google.com/maps/place/PHiL+%26+CO+-+Coffee+Shop+-+Stasiun+Depok+Lama+-+Working+Space/data=!4m7!3m6!1s0x2e69eb2f66935e6f:0xaa07e535796e290!8m2!3d-6.405537!4d106.8184479!16s%2Fg%2F11k4txd5gv!19sChIJb16TZi_raS4RkOKWV1N-oAo?authuser=0&hl=id&rclk=1,Cafe Depok
Djati Seruni Kafe,https://www.google.com/maps/place/Djati+Seruni+Kafe/data=!4m7!3m6!1s0x2e69ebb5b9c19be1:0xcc36cb98a0c7e2ce!8m2!3d-6.4118474!4d106.8644278!16s%2Fg%2F11td8_l9jy!19sChIJ4ZvBubXraS4RzuLHoJjLNsw?authuser=0&hl=id&rclk=1,Cafe Depok
LOOPLINE COFFEE DEPOK,https://www.google.com/maps/place/LOOPLINE+COFFEE+DEPOK/data=!4m7!3m6!1s0x2e69eb27721a12ed:0xaf148b536dfdeb15!8m2!3d-6.3995756!4d106.8188013!16s%2Fg%2F11lf7dbbyx!19sChIJ7RIacifraS4RFev9bVOLFK8?authuser=0&hl=id&rclk=1,Cafe Depok
Ouwie Coffee And Eatery,https://www.google.com/maps/place/Ouwie+Coffee+And+Eatery/data=!4m7!3m6!1s0x2e69ebe94e196195:0x878b53618d492be!8m2!3d-6.4442633!4d106.8292247!16s%2Fg%2F11s0zb3181!19sChIJlWEZTunraS4RvpLUGDa1eAg?authuser=0&hl=id&rclk=1,Cafe Depok
de'Clan Resto & Cafe Depok,https://www.google.com/maps/place/de%27Clan+Resto+%26+Cafe+Depok/data=!4m7!3m6!1s0x2e69ebbfb4dc4b3f:0x88f0d769a1b2a0b7!8m2!3d-6.4037379!4d106.8323224!16s%2Fg%2F11k2g0578s!19sChIJP0vctL_raS4Rt6CyoWnX8Ig?authuser=0&hl=id&rclk=1,Cafe Depok
Jacob Koffie Huis,https://www.google.com/maps/place/Jacob+Koffie+Huis/data=!4m7!3m6!1s0x2e69ebe044764ed7:0x351500e8cb7ec793!8m2!3d-6.4000209!4d106.8198058!16s%2Fg%2F11c6lwxbln!19sChIJ1052RODraS4Rk8d-y-gAFTU?authuser=0&hl=id&rclk=1,Cafe Depok
Mill Point Cafe,https://www.google.com/maps/place/Mill+Point+Cafe/data=!4m7!3m6!1s0x2e69eb244d7c25c5:0xfc5a1f8b57c46194!8m2!3d-6.4079506!4d106.83349!16s%2Fg%2F11j13grwdn!19sChIJxSV8TSTraS4RlGHEV4sfWvw?authuser=0&hl=id&rclk=1,Cafe Depok
Bajawa Flores NTT Depok,https://www.google.com/maps/place/Bajawa+Flores+NTT+Depok/data=!4m7!3m6!1s0x2e69eb9869e71e11:0x86f47a868884fd03!8m2!3d-6.4018883!4d106.8215281!16s%2Fg%2F11pzfm5x_f!19sChIJER7naZjraS4RA_2EiIZ69IY?authuser=0&hl=id&rclk=1,Cafe Depok
ARTiVATOR,https://www.google.com/maps/place/ARTiVATOR/data=!4m7!3m6!1s0x2e69eb3a25fae6bb:0xed935a6e79b417e6!8m2!3d-6.4015104!4d106.8266328!16s%2Fg%2F11ghltv_bl!19sChIJu-b6JTrraS4R5he0eW5ak-0?authuser=0&hl=id&rclk=1,Cafe Depok
Transitory coffee,https://www.google.com/maps/place/Transitory+coffee/data=!4m7!3m6!1s0x2e69eb3ca7be1821:0x3679254a6e3e9d52!8m2!3d-6.4085359!4d106.8538908!16s%2Fg%2F11jgtdfvqv!19sChIJIRi-pzzraS4RUp0-bkoleTY?authuser=0&hl=id&rclk=1,Cafe Depok
Dklakon cafe,https://www.google.com/maps/place/Dklakon+cafe/data=!4m7!3m6!1s0x2e69ebd1ebdb56d1:0xb4a56dd4b9b368da!8m2!3d-6.403594!4d106.8340299!16s%2Fg%2F11kbx7kv3w!19sChIJ0Vbb69HraS4R2mizudRtpbQ?authuser=0&hl=id&rclk=1,Cafe Depok
OPICK STUDIO CAFE - Music Studio & Cafe Resto,https://www.google.com/maps/place/OPICK+STUDIO+CAFE+-+Music+Studio+%26+Cafe+Resto/data=!4m7!3m6!1s0x2e69eb0125a1fddd:0x539c2a2c3dfcb110!8m2!3d-6.4398152!4d106.825359!16s%2Fg%2F11pgs30rbf!19sChIJ3f2hJQHraS4RELH8PSwqnFM?authuser=0&hl=id&rclk=1,Cafe Depok
J'Poss Cafe,https://www.google.com/maps/place/J%27Poss+Cafe/data=!4m7!3m6!1s0x2e69eb19643b5647:0x69f8bfc3f0036259!8m2!3d-6.4182367!4d106.8653687!16s%2Fg%2F11s32ws087!19sChIJR1Y7ZBnraS4RWWID8MO_-Gk?authuser=0&hl=id&rclk=1,Cafe Depok
Cornelis koffie,https://www.google.com/maps/place/Cornelis+koffie/data=!4m7!3m6!1s0x2e69ebc7478e4199:0x4c9b9689e0771716!8m2!3d-6.4025489!4d106.8206109!16s%2Fg%2F11qq2wcd2y!19sChIJmUGOR8fraS4RFhd34ImWm0w?authuser=0&hl=id&rclk=1,Cafe Depok
Kopi Kogi X Mura Ramen,https://www.google.com/maps/place/Kopi+Kogi+X+Mura+Ramen/data=!4m7!3m6!1s0x2e69e9ec76477769:0x5b96fa4f43acd4b4!8m2!3d-6.394784!4d106.793356!16s%2Fg%2F11srr_6gxn!19sChIJaXdHduzpaS4RtNSsQ0_6lls?authuser=0&hl=id&rclk=1,Cafe Depok
Ruangnamu,https://www.google.com/maps/place/Ruangnamu/data=!4m7!3m6!1s0x2e69ed310d587821:0xe98b13ae6644baae!8m2!3d-6.380564!4d106.8316281!16s%2Fg%2F11p5_vl92l!19sChIJIXhYDTHtaS4RrrpEZq4Ti-k?authuser=0&hl=id&rclk=1,Cafe Depok
TOMORO COFFEE - Grand Depok City (GDC),https://www.google.com/maps/place/TOMORO+COFFEE+-+Grand+Depok+City+%28GDC%29/data=!4m7!3m6!1s0x2e69eba980ad079d:0x121d2f139562d14d!8m2!3d-6.4205884!4d106.8287195!16s%2Fg%2F11thsc3jv7!19sChIJnQetgKnraS4RTdFilRMvHRI?authuser=0&hl=id&rclk=1,Cafe Depok
Melala Coffee and Eatery,https://www.google.com/maps/place/Melala+Coffee+and+Eatery/data=!4m7!3m6!1s0x2e69e9988186802f:0x40ca505d9c2eef9d!8m2!3d-6.3940567!4d106.7904782!16s%2Fg%2F11jzf76658!19sChIJL4CGgZjpaS4Rne8unF1QykA?authuser=0&hl=id&rclk=1,Cafe Depok
JPW Cafe & Garden,https://www.google.com/maps/place/JPW+Cafe+%26+Garden/data=!4m7!3m6!1s0x2e69eb5023c5e5e7:0x3f261e4bba2f95d0!8m2!3d-6.4134541!4d106.8212579!16s%2Fg%2F11h1z20x2l!19sChIJ5-XFI1DraS4R0JUvukseJj8?authuser=0&hl=id&rclk=1,Cafe Depok
ALASSé point,https://www.google.com/maps/place/ALASS%C3%A9+point/data=!4m7!3m6!1s0x2e69ebb39b449903:0x38776bf2ce88354d!8m2!3d-6.4183822!4d106.8480171!16s%2Fg%2F11c1xpf_28!19sChIJA5lEm7PraS4RTTWIzvJrdzg?authuser=0&hl=id&rclk=1,Cafe Depok
MANGATA Coffee & Eatery,https://www.google.com/maps/place/MANGATA+Coffee+%26+Eatery/data=!4m7!3m6!1s0x2e69ef2ea09f368b:0x4f357d1601073f35!8m2!3d-6.3698656!4d106.8128857!16s%2Fg%2F11rq0q3hf4!19sChIJizafoC7vaS4RNT8HARZ9NU8?authuser=0&hl=id&rclk=1,Cafe Depok
Maji Cafe,https://www.google.com/maps/place/Maji+Cafe/data=!4m7!3m6!1s0x2e69eb98bfd1ddd9:0xef86aa774f8846da!8m2!3d-6.4046131!4d106.8532203!16s%2Fg%2F11j4yklfsk!19sChIJ2d3Rv5jraS4R2kaIT3eqhu8?authuser=0&hl=id&rclk=1,Cafe Depok
Kalimulya Jati Cafe & Resto,https://www.google.com/maps/place/Kalimulya+Jati+Cafe+%26+Resto/data=!4m7!3m6!1s0x2e69eb41e7cb2007:0x9dd20c055fc3b654!8m2!3d-6.4458273!4d106.8174781!16s%2Fg%2F11s651rb2y!19sChIJByDL50HraS4RVLbDXwUM0p0?authuser=0&hl=id&rclk=1,Cafe Depok
Sekata Kopi,https://www.google.com/maps/place/Sekata+Kopi/data=!4m7!3m6!1s0x2e69ebd4d6f1e9f9:0x806cbb3bad6e0a4b!8m2!3d-6.3996541!4d106.8240102!16s%2Fg%2F11t8b40w1h!19sChIJ-enx1tTraS4RSwpurTu7bIA?authuser=0&hl=id&rclk=1,Cafe Depok
Dialog Antara - Slow Bar Coffee Depok,https://www.google.com/maps/place/Dialog+Antara+-+Slow+Bar+Coffee+Depok/data=!4m7!3m6!1s0x2e69e9006693ba93:0x93a954f3ae7b274d!8m2!3d-6.3978835!4d106.7981859!16s%2Fg%2F11ml2chwh6!19sChIJk7qTZgDpaS4RTSd7rvNUqZM?authuser=0&hl=id&rclk=1,Cafe Depok
PALA KALI Coffee & Snack,https://www.google.com/maps/place/PALA+KALI+Coffee+%26+Snack/data=!4m7!3m6!1s0x2e69eb5c1dcbe295:0xf2df22406aeb6832!8m2!3d-6.390701!4d106.8171185!16s%2Fg%2F11wjp0psjm!19sChIJleLLHVzraS4RMmjrakAi3_I?authuser=0&hl=id&rclk=1,Cafe Depok
Fountainhide Serab,https://www.google.com/maps/place/Fountainhide+Serab/data=!4m7!3m6!1s0x2e69eb3412edd7cb:0xe044bdb363636e32!8m2!3d-6.4121703!4d106.8248423!16s%2Fg%2F11q_7q1k6y!19sChIJy9ftEjTraS4RMm5jY7O9ROA?authuser=0&hl=id&rclk=1,Cafe Depok
Ngopi Pagi,https://www.google.com/maps/place/Ngopi+Pagi/data=!4m7!3m6!1s0x2e69e9b9f377d2ef:0x32c283ebeeaea826!8m2!3d-6.3978855!4d106.8087997!16s%2Fg%2F11zkrjd4rq!19sChIJ79J387npaS4RJqiu7uuDwjI?authuser=0&hl=id&rclk=1,Cafe Depok
TOMORO COFFEE SILIWANGI,https://www.google.com/maps/place/TOMORO+COFFEE+SILIWANGI/data=!4m7!3m6!1s0x2e69eb48c20e5acd:0xc24427631d9e2b7b!8m2!3d-6.3992831!4d106.8216891!16s%2Fg%2F11vd40fc_c!19sChIJzVoOwkjraS4ReyueHWMnRMI?authuser=0&hl=id&rclk=1,Cafe Depok
oi coffee & eatery,https://www.google.com/maps/place/oi+coffee+%26+eatery/data=!4m7!3m6!1s0x2e69edfedc95fb0f:0x31a3503147a83394!8m2!3d-6.3541917!4d106.8368023!16s%2Fg%2F11m379k1l9!19sChIJD_uV3P7taS4RlDOoRzFQozE?authuser=0&hl=id&rclk=1,Cafe Depok
The Gade Coffee & Gold Depok,https://www.google.com/maps/place/The+Gade+Coffee+%26+Gold+Depok/data=!4m7!3m6!1s0x2e69eb7efefd9aa3:0x3fd7528b5496dcc6!8m2!3d-6.3993785!4d106.8224857!16s%2Fg%2F11gl48mbd1!19sChIJo5r9_n7raS4RxtyWVItS1z8?authuser=0&hl=id&rclk=1,Cafe Depok
COFFEE E&S,https://www.google.com/maps/place/COFFEE+E%26S/data=!4m7!3m6!1s0x2e69e9bcea70c7bf:0xd190c81718b0b879!8m2!3d-6.3970153!4d106.8133297!16s%2Fg%2F11nn3j0n35!19sChIJv8dw6rzpaS4RebiwGBfIkNE?authuser=0&hl=id&rclk=1,Cafe Depok
Omah Kopi 78,https://www.google.com/maps/place/Omah+Kopi+78/data=!4m7!3m6!1s0x2e69eb3bded8a8d5:0xfe3f1e1ec193ce85!8m2!3d-6.4064095!4d106.9001475!16s%2Fg%2F11g0kwjjkk!19sChIJ1ajY3jvraS4Rhc6TwR4eP_4?authuser=0&hl=id&rclk=1,Cafe Depok
Temu Kamu Coffee & Eatery Depok,https://www.google.com/maps/place/Temu+Kamu+Coffee+%26+Eatery+Depok/data=!4m7!3m6!1s0x2e69ed35a13d8d0d:0x4941b85bb852f39f!8m2!3d-6.3630797!4d106.8592567!16s%2Fg%2F11t469d7vg!19sChIJDY09oTXtaS4Rn_NSuFu4QUk?authuser=0&hl=id&rclk=1,Cafe Depok
Anomali Coffee & Kitchen - MARGOCITY,https://www.google.com/maps/place/Anomali+Coffee+%26+Kitchen+-+MARGOCITY/data=!4m7!3m6!1s0x2e69eb2350f9ce57:0xbc7bb604e3f6452c!8m2!3d-6.3740062!4d106.8342428!16s%2Fg%2F11yt66d0tn!19sChIJV875UCPraS4RLEX24wS2e7w?authuser=0&hl=id&rclk=1,Cafe Depok
TENTANG KOPI Perumahan Permata Depok,https://www.google.com/maps/place/TENTANG+KOPI+Perumahan+Permata+Depok/data=!4m7!3m6!1s0x2e69e991c282130b:0x6cf9136a067b7783!8m2!3d-6.4429935!4d106.8078671!16s%2Fg%2F11t81jw7yw!19sChIJCxOCwpHpaS4Rg3d7BmoT-Ww?authuser=0&hl=id&rclk=1,Cafe Depok
Likely Cafe & Resto,https://www.google.com/maps/place/Likely+Cafe+%26+Resto/data=!4m7!3m6!1s0x2e69ebd9d1b91017:0x76414125cb5d8cb6!8m2!3d-6.3834791!4d106.840838!16s%2Fg%2F11jtyxf0x1!19sChIJFxC50dnraS4RtoxdyyVBQXY?authuser=0&hl=id&rclk=1,Cafe Depok
Graha Coffee & Eatery,https://www.google.com/maps/place/Graha+Coffee+%26+Eatery/data=!4m7!3m6!1s0x2e69ed3ca50acd5d:0x21e26502f785b424!8m2!3d-6.3685915!4d106.8360523!16s%2Fg%2F11s61bk82h!19sChIJXc0KpTztaS4RJLSF9wJl4iE?authuser=0&hl=id&rclk=1,Cafe Depok
Tentang Kopi Sukmajaya,https://www.google.com/maps/place/Tentang+Kopi+Sukmajaya/data=!4m7!3m6!1s0x2e69eb9ef772e5f9:0x626071ad17be572c!8m2!3d-6.4048084!4d106.8502926!16s%2Fg%2F11sk7hc1g5!19sChIJ-eVy957raS4RLFe-F61xYGI?authuser=0&hl=id&rclk=1,Cafe Depok
Cillo Coffee,https://www.google.com/maps/place/Cillo+Coffee/data=!4m7!3m6!1s0x2e69edd2200b7e3d:0x2fcb5d0cf99d38b3!8m2!3d-6.371922!4d106.8698352!16s%2Fg%2F11q8rnh5l4!19sChIJPX4LINLtaS4Rszid-Qxdyy8?authuser=0&hl=id&rclk=1,Cafe Depok
Boothcin Coffee,https://www.google.com/maps/place/Boothcin+Coffee/data=!4m7!3m6!1s0x2e69ebe06076bd7b:0x774edd509f3eeb65!8m2!3d-6.4076198!4d106.8403897!16s%2Fg%2F11v091q_1m!19sChIJe712YODraS4RZes-n1DdTnc?authuser=0&hl=id&rclk=1,Cafe Depok
Coffee Lovers Cafe Jatijajar Depok,https://www.google.com/maps/place/Coffee+Lovers+Cafe+Jatijajar+Depok/data=!4m7!3m6!1s0x2e69eba83a16c4d3:0xf1e146759b4df9b8!8m2!3d-6.4122917!4d106.8640991!16s%2Fg%2F11cspmw4vt!19sChIJ08QWOqjraS4RuPlNm3VG4fE?authuser=0&hl=id&rclk=1,Cafe Depok
Lemon (Playground and Cafe),https://www.google.com/maps/place/Lemon+%28Playground+and+Cafe%29/data=!4m7!3m6!1s0x2e69eb0b1b9fd589:0x2af74c47a6fcfb7d!8m2!3d-6.4387181!4d106.8205317!16s%2Fg%2F11v091cqpy!19sChIJidWfGwvraS4Rffv8pkdM9yo?authuser=0&hl=id&rclk=1,Cafe Depok
neng cafe,https://www.google.com/maps/place/neng+cafe/data=!4m7!3m6!1s0x2e69ebeb04664c77:0x56bbe7a3f7c2d2d0!8m2!3d-6.4273582!4d106.8645388!16s%2Fg%2F11s3vmyhgh!19sChIJd0xmBOvraS4R0NLC96Pnu1Y?authuser=0&hl=id&rclk=1,Cafe Depok
Rileks Kafe21 Depok,https://www.google.com/maps/place/Rileks+Kafe21+Depok/data=!4m7!3m6!1s0x2e69eb1c35547deb:0xe9ec5c629d88a973!8m2!3d-6.3963807!4d106.8498579!16s%2Fg%2F11s0xv2n5w!19sChIJ631UNRzraS4Rc6mInWJc7Ok?authuser=0&hl=id&rclk=1,Cafe Depok
SHIBO CAFE,https://www.google.com/maps/place/SHIBO+CAFE/data=!4m7!3m6!1s0x2e69e9335c2ed087:0x792932abfc162e50!8m2!3d-6.4074293!4d106.7895462!16s%2Fg%2F11fj3h3_9m!19sChIJh9AuXDPpaS4RUC4W_KsyKXk?authuser=0&hl=id&rclk=1,Cafe Depok
ONAMDUA,https://www.google.com/maps/place/ONAMDUA/data=!4m7!3m6!1s0x2e69e9e92b57a9eb:0xc3b680c50d44791!8m2!3d-6.3951878!4d106.7986017!16s%2Fg%2F11fs58jpyc!19sChIJ66lXK-npaS4RkUfUUAxoOww?authuser=0&hl=id&rclk=1,Cafe Depok
The Pine By Moksha,https://www.google.com/maps/place/The+Pine+By+Moksha/data=!4m7!3m6!1s0x2e69e9e582325763:0xd78e2beca1210f13!8m2!3d-6.3988255!4d106.7913386!16s%2Fg%2F11sby2ps19!19sChIJY1cyguXpaS4REw8hoewrjtc?authuser=0&hl=id&rclk=1,Cafe Depok
TOMORO COFFEE - Pesona Square Depok,https://www.google.com/maps/place/TOMORO+COFFEE+-+Pesona+Square+Depok/data=!4m7!3m6!1s0x2e69eb7687d1687d:0x5d4b981e457abd4e!8m2!3d-6.3801116!4d106.8450893!16s%2Fg%2F11v05nnprn!19sChIJfWjRh3braS4RTr16RR6YS10?authuser=0&hl=id&rclk=1,Cafe Depok
Monty's Kitchen & Coffee,https://www.google.com/maps/place/Monty%27s+Kitchen+%26+Coffee/data=!4m7!3m6!1s0x2e69ed0224cc7c49:0xbf91de672c98cf35!8m2!3d-6.3778716!4d106.8339561!16s%2Fg%2F11ns91ymq0!19sChIJSXzMJALtaS4RNc-YLGfekb8?authuser=0&hl=id&rclk=1,Cafe Depok
Tomoro Coffee - Raya Sawangan,https://www.google.com/maps/place/Tomoro+Coffee+-+Raya+Sawangan/data=!4m7!3m6!1s0x2e69e918f6b8f9fd:0xe8093ca210585655!8m2!3d-6.3944814!4d106.7945109!16s%2Fg%2F11l799wx88!19sChIJ_fm49hjpaS4RVVZYEKI8Ceg?authuser=0&hl=id&rclk=1,Cafe Depok
Paddock Cafe,https://www.google.com/maps/place/Paddock+Cafe/data=!4m7!3m6!1s0x2e69ebcb95feb9e3:0xc77125131fa910a2!8m2!3d-6.3995491!4d106.8196491!16s%2Fg%2F11gxhx5xsg!19sChIJ47n-lcvraS4RohCpHxMlccc?authuser=0&hl=id&rclk=1,Cafe Depok
Tempat nongkrong,https://www.google.com/maps/place/Tempat+nongkrong/data=!4m7!3m6!1s0x2e69eb3a5bc2f557:0xb8a4410d381294a!8m2!3d-6.4160054!4d106.852434!16s%2Fg%2F11j2yknzy6!19sChIJV_XCWzrraS4RSimB0xBEigs?authuser=0&hl=id&rclk=1,Cafe Depok
Hidden Haus Space,https://www.google.com/maps/place/Hidden+Haus+Space/data=!4m7!3m6!1s0x2e69ef39f2487593:0xa8f086babda6987d!8m2!3d-6.3685545!4d106.8074734!16s%2Fg%2F11y5j894bl!19sChIJk3VI8jnvaS4RfZimvbqG8Kg?authuser=0&hl=id&rclk=1,Cafe Depok
𝑷𝑶𝑺𝑩𝑰𝑫 𝑺𝑨𝑾𝑨𝑵𝑮𝑨𝑵 𝑲𝑩𝑮𝑩 𝑹𝑨𝑻𝑼 𝑱𝑨𝒀𝑨 𝑫𝑬𝑷𝑶𝑲,https://www.google.com/maps/place/%F0%9D%91%B7%F0%9D%91%B6%F0%9D%91%BA%F0%9D%91%A9%F0%9D%91%B0%F0%9D%91%AB+%F0%9D%91%BA%F0%9D%91%A8%F0%9D%91%BE%F0%9D%91%A8%F0%9D%91%B5%F0%9D%91%AE%F0%9D%91%A8%F0%9D%91%B5+%F0%9D%91%B2%F0%9D%91%A9%F0%9D%91%AE%F0%9D%91%A9+%F0%9D%91%B9%F0%9D%91%A8%F0%9D%91%BB%F0%9D%91%BC+%F0%9D%91%B1%F0%9D%91%A8%F0%9D%92%80%F0%9D%91%A8+%F0%9D%91%AB%F0%9D%91%AC%F0%9D%91%B7%F0%9D%91%B6%F0%9D%91%B2/data=!4m7!3m6!1s0x2e69e91fbb1e0141:0x88ea09b2d2836c91!8m2!3d-6.3946699!4d106.7959834!16s%2Fg%2F11smnz_v5l!19sChIJQQEeux_paS4RkWyD0rIJ6og?authuser=0&hl=id&rclk=1,Cafe Depok
Cafe gua rooptop,https://www.google.com/maps/place/Cafe+gua+rooptop/data=!4m7!3m6!1s0x2e69e9ff4e9bb025:0x3d08b264df77f203!8m2!3d-6.4225345!4d106.8291185!16s%2Fg%2F11gwnbrvd4!19sChIJJbCbTv_paS4RA_J332SyCD0?authuser=0&hl=id&rclk=1,Cafe Depok
Serab Coffee Brewery,https://www.google.com/maps/place/Serab+Coffee+Brewery/data=!4m7!3m6!1s0x2e69ebfeaa534a17:0x91861252bc97273f!8m2!3d-6.4088978!4d106.8322906!16s%2Fg%2F11hz6ln3k4!19sChIJF0pTqv7raS4RPyeXvFIShpE?authuser=0&hl=id&rclk=1,Cafe Depok
Warkop Opieun Depok,https://www.google.com/maps/place/Warkop+Opieun+Depok/data=!4m7!3m6!1s0x2e69eb75f5406627:0xf183148853de597f!8m2!3d-6.4204935!4d106.8478755!16s%2Fg%2F11sw2wzj16!19sChIJJ2ZA9XXraS4Rf1neU4gUg_E?authuser=0&hl=id&rclk=1,Cafe Depok
Kopi Konnichiwa Sukmajaya Depok,https://www.google.com/maps/place/Kopi+Konnichiwa+Sukmajaya+Depok/data=!4m7!3m6!1s0x2e69ebdcc149512f:0x218a4ae7ca5c02ad!8m2!3d-6.3872657!4d106.8523796!16s%2Fg%2F11tjh9dvr1!19sChIJL1FJwdzraS4RrQJcyudKiiE?authuser=0&hl=id&rclk=1,Cafe Depok
Sajun Cafe Depok,https://www.google.com/maps/place/Sajun+Cafe+Depok/data=!4m7!3m6!1s0x2e69e98457df2315:0xb4370084526ecc05!8m2!3d-6.3931163!4d106.8111209!16s%2Fg%2F11khpgdhvl!19sChIJFSPfV4TpaS4RBcxuUoQAN7Q?authuser=0&hl=id&rclk=1,Cafe Depok
Koti,https://www.google.com/maps/place/Koti/data=!4m7!3m6!1s0x2e69e95313e929b3:0x5c16dff1e5e8b23!8m2!3d-6.3944143!4d106.8143591!16s%2Fg%2F11fj2r2794!19sChIJsynpE1PpaS4RI4teHv9twQU?authuser=0&hl=id&rclk=1,Cafe Depok
Kampung Kecil Restoran – Depok Timur,https://www.google.com/maps/place/Kampung+Kecil+Restoran+%E2%80%93+Depok+Timur/data=!4m7!3m6!1s0x2e69eba649c161a3:0x7fbe99d23d1cdd92!8m2!3d-6.4091278!4d106.8615678!16s%2Fg%2F11f5v8fsmy!19sChIJo2HBSabraS4Rkt0cPdKZvn8?authuser=0&hl=id&rclk=1,Restoran Depok
RUMAH MAKAN SAUNG SITU JATIJAJAR,https://www.google.com/maps/place/RUMAH+MAKAN+SAUNG+SITU+JATIJAJAR/data=!4m7!3m6!1s0x2e69ea534f8ab8a3:0xebfefa41fabed499!8m2!3d-6.4213651!4d106.858596!16s%2Fg%2F11c30p7v_s!19sChIJo7iKT1PqaS4RmdS--kH6_us?authuser=0&hl=id&rclk=1,Restoran Depok
Lembur Kuring Cimanggis,https://www.google.com/maps/place/Lembur+Kuring+Cimanggis/data=!4m7!3m6!1s0x2e69eb862502251d:0x260fc9792b7d9d1f!8m2!3d-6.4307728!4d106.8551709!16s%2Fg%2F11s1xt2zbm!19sChIJHSUCJYbraS4RH519K3nJDyY?authuser=0&hl=id&rclk=1,Restoran Depok
Restoran Curug Sampireun Depok,https://www.google.com/maps/place/Restoran+Curug+Sampireun+Depok/data=!4m7!3m6!1s0x2e69ebc50f6f8a95:0x5120a236073862de!8m2!3d-6.409492!4d106.831843!16s%2Fg%2F11clggqf94!19sChIJlYpvD8XraS4R3mI4BzaiIFE?authuser=0&hl=id&rclk=1,Restoran Depok
Dapoer Djoeang Sukmajaya Depok,https://www.google.com/maps/place/Dapoer+Djoeang+Sukmajaya+Depok/data=!4m7!3m6!1s0x2e69eb8342bd66d3:0xa2c4b200c3d9b868!8m2!3d-6.3945616!4d106.8646916!16s%2Fg%2F11gr46x3p7!19sChIJ02a9QoPraS4RaLjZwwCyxKI?authuser=0&hl=id&rclk=1,Restoran Depok
"Laziiz Restaurant, Makanan Khas Timur Tengah Di Depok","https://www.google.com/maps/place/Laziiz+Restaurant,+Makanan+Khas+Timur+Tengah+Di+Depok/data=!4m7!3m6!1s0x2e69ebb8b9aaaaab:0x4bbf435dea1e001e!8m2!3d-6.4041117!4d106.8410417!16s%2Fg%2F11f_4s1x6_!19sChIJq6qqubjraS4RHgAe6l1Dv0s?authuser=0&hl=id&rclk=1",Restoran Depok
SAMCI (Nasi Ayam Cumi) & Cimol Bojot AA Depok - Villa Pertiwi,https://www.google.com/maps/place/SAMCI+%28Nasi+Ayam+Cumi%29+%26+Cimol+Bojot+AA+Depok+-+Villa+Pertiwi/data=!4m7!3m6!1s0x2e69eb0b904969e7:0x233e131872ead717!8m2!3d-6.4210277!4d106.8509711!16s%2Fg%2F11hh83tfvm!19sChIJ52lJkAvraS4RF9fqchgTPiM?authuser=0&hl=id&rclk=1,Restoran Depok
Shirin Resto,https://www.google.com/maps/place/Shirin+Resto/data=!4m7!3m6!1s0x2e69ec1196732697:0x438b927c7b02ca15!8m2!3d-6.4214183!4d106.8327597!16s%2Fg%2F1ptz78w_6!19sChIJlyZzlhHsaS4RFcoCe3ySi0M?authuser=0&hl=id&rclk=1,Restoran Depok
Omah Simbah Resto,https://www.google.com/maps/place/Omah+Simbah+Resto/data=!4m7!3m6!1s0x2e69eb6c5a1baf29:0xf9b7b5c8ee4868a!8m2!3d-6.4245228!4d106.8295343!16s%2Fg%2F11y3dbzc1c!19sChIJKa8bWmzraS4Riobkjlx7mw8?authuser=0&hl=id&rclk=1,Restoran Depok
Kampung Kecil Depok Sawangan,https://www.google.com/maps/place/Kampung+Kecil+Depok+Sawangan/data=!4m7!3m6!1s0x2e69e959671538cb:0x70a9af8a9e7e993d!8m2!3d-6.3948584!4d106.8013503!16s%2Fg%2F11bxfjlyb0!19sChIJyzgVZ1npaS4RPZl-noqvqXA?authuser=0&hl=id&rclk=1,Restoran Depok
Saung Ririungan Depok Sawangan,https://www.google.com/maps/place/Saung+Ririungan+Depok+Sawangan/data=!4m7!3m6!1s0x2e69e9006bb313bb:0x62cbc45dd3f99629!8m2!3d-6.3948418!4d106.7994831!16s%2Fg%2F11x6dj8__0!19sChIJuxOzawDpaS4RKZb5013Ey2I?authuser=0&hl=id&rclk=1,Restoran Depok
Amanaia D'mall Depok,https://www.google.com/maps/place/Amanaia+D%27mall+Depok/data=!4m7!3m6!1s0x2e69eb167ef020cd:0xc97c194a83e53b7c!8m2!3d-6.3867533!4d106.8260563!16s%2Fg%2F11h10b_3hd!19sChIJzSDwfhbraS4RfDvlg0oZfMk?authuser=0&hl=id&rclk=1,Restoran Depok
Double U Steak by Chef Widhi Depok,https://www.google.com/maps/place/Double+U+Steak+by+Chef+Widhi+Depok/data=!4m7!3m6!1s0x2e69edfd5645d51f:0x9c1a1b3e63959a49!8m2!3d-6.4106667!4d106.8176459!16s%2Fg%2F11h8hydnb_!19sChIJH9VFVv3taS4RSZqVYz4bGpw?authuser=0&hl=id&rclk=1,Restoran Depok
DAMPARAN seafood & Sunda,https://www.google.com/maps/place/DAMPARAN+seafood+%26+Sunda/data=!4m7!3m6!1s0x2e69eb6131a183a3:0x5f64250394b053a7!8m2!3d-6.420858!4d106.828757!16s%2Fg%2F11knm45c_p!19sChIJo4OhMWHraS4Rp1OwlAMlZF8?authuser=0&hl=id&rclk=1,Restoran Depok
RM. Saung Batu Alam Depok,https://www.google.com/maps/place/RM.+Saung+Batu+Alam+Depok/data=!4m7!3m6!1s0x2e69eba434c86bb3:0xf02655c9f5b534e4!8m2!3d-6.4080123!4d106.8580036!16s%2Fg%2F11b7rxmgxg!19sChIJs2vINKTraS4R5DS19clVJvA?authuser=0&hl=id&rclk=1,Restoran Depok
Tepi Bambu,https://www.google.com/maps/place/Tepi+Bambu/data=!4m7!3m6!1s0x2e69ebb2e822df2f:0x30cee0f4a922fb9!8m2!3d-6.427348!4d106.8645388!16s%2Fg%2F11k015sl47!19sChIJL98i6LLraS4RuS-SSg_uDAM?authuser=0&hl=id&rclk=1,Restoran Depok
3A Korean Food Depok,https://www.google.com/maps/place/3A+Korean+Food+Depok/data=!4m7!3m6!1s0x2e69eb2f0e08a949:0x1e304cf93c6f7c79!8m2!3d-6.4288936!4d106.8492091!16s%2Fg%2F11lkgjwk8t!19sChIJSakIDi_raS4ReXxvPPlMMB4?authuser=0&hl=id&rclk=1,Restoran Depok
Mie Gacoan Depok Sawangan,https://www.google.com/maps/place/Mie+Gacoan+Depok+Sawangan/data=!4m7!3m6!1s0x2e69e974ceaf8a8b:0xae19af450e472b51!8m2!3d-6.3940795!4d106.7898831!16s%2Fg%2F11svg29bk9!19sChIJi4qvznTpaS4RUStHDkWvGa4?authuser=0&hl=id&rclk=1,Restoran Depok
"Telaga Sampireun, Hotel Santika Depok","https://www.google.com/maps/place/Telaga+Sampireun,+Hotel+Santika+Depok/data=!4m7!3m6!1s0x2e69ebb8e521b3ff:0xb86fc715d9cf26c0!8m2!3d-6.3870218!4d106.8260209!16s%2Fg%2F11rb2q5c5z!19sChIJ_7Mh5bjraS4RwCbP2RXHb7g?authuser=0&hl=id&rclk=1",Restoran Depok
Rumah Makan Saung Talaga,https://www.google.com/maps/place/Rumah+Makan+Saung+Talaga/data=!4m7!3m6!1s0x2e69e93985902917:0x70a894ff5e4a3b20!8m2!3d-6.3942717!4d106.7887257!16s%2Fg%2F1tz2v_10!19sChIJFymQhTnpaS4RIDtKXv-UqHA?authuser=0&hl=id&rclk=1,Restoran Depok
Sushimas Depok Margonda,https://www.google.com/maps/place/Sushimas+Depok+Margonda/data=!4m7!3m6!1s0x2e69ebbdb11fbb0f:0xf4df732a8accb839!8m2!3d-6.3847227!4d106.8286901!16s%2Fg%2F11qgkz4m13!19sChIJD7sfsb3raS4RObjMiipz3_Q?authuser=0&hl=id&rclk=1,Restoran Depok
Dapur Siliwangi Resto & Wedding Hall,https://www.google.com/maps/place/Dapur+Siliwangi+Resto+%26+Wedding+Hall/data=!4m7!3m6!1s0x2e69eb0dc37f8099:0x83285da376240539!8m2!3d-6.3997978!4d106.8229306!16s%2Fg%2F1yh5t8_fr!19sChIJmYB_ww3raS4ROQUkdqNdKIM?authuser=0&hl=id&rclk=1,Restoran Depok
Pondok Ikan Bakar Kalimantan,https://www.google.com/maps/place/Pondok+Ikan+Bakar+Kalimantan/data=!4m7!3m6!1s0x2e69eade18e73c57:0x21475b42f2888348!8m2!3d-6.423658!4d106.8890534!16s%2Fg%2F1tdg0b69!19sChIJVzznGN7qaS4RSIOI8kJbRyE?authuser=0&hl=id&rclk=1,Restoran Depok
Warteg Kharisma Bahari - Depok,https://www.google.com/maps/place/Warteg+Kharisma+Bahari+-+Depok/data=!4m7!3m6!1s0x2e69eb483d426f7d:0x13a9cf36afaa69d9!8m2!3d-6.4198735!4d106.8478477!16s%2Fg%2F11tfbgwgrq!19sChIJfW9CPUjraS4R2WmqrzbPqRM?authuser=0&hl=id&rclk=1,Restoran Depok
Soto Bu Tjondro,https://www.google.com/maps/place/Soto+Bu+Tjondro/data=!4m7!3m6!1s0x2e69ebe7922fa665:0x8108d9d83b50345d!8m2!3d-6.4004456!4d106.8278937!16s%2Fg%2F1s048tm_8!19sChIJZaYvkufraS4RXTRQO9jZCIE?authuser=0&hl=id&rclk=1,Restoran Depok
Pondok Laras,https://www.google.com/maps/place/Pondok+Laras/data=!4m7!3m6!1s0x2e69ec5cb41ed3df:0xdfd6d8d2eb933747!8m2!3d-6.3548895!4d106.8536157!16s%2Fg%2F1wfz1d51!19sChIJ39MetFzsaS4RRzeT69LY1t8?authuser=0&hl=id&rclk=1,Restoran Depok
ABUBA Steak - Depok,https://www.google.com/maps/place/ABUBA+Steak+-+Depok/data=!4m7!3m6!1s0x2e69ed1d021b8411:0xaf5167d539cff0df!8m2!3d-6.3751827!4d106.8325475!16s%2Fg%2F11sy4r6shh!19sChIJEYQbAh3taS4R3_DPOdVnUa8?authuser=0&hl=id&rclk=1,Restoran Depok
Waroeng SS Spesial Sambal Depok Margonda,https://www.google.com/maps/place/Waroeng+SS+Spesial+Sambal+Depok+Margonda/data=!4m7!3m6!1s0x2e69ec0858e36277:0xfeffdb8b4c7d91ec!8m2!3d-6.3783725!4d106.8317136!16s%2Fg%2F11c4bk0kc1!19sChIJd2LjWAjsaS4R7JF9TIvb__4?authuser=0&hl=id&rclk=1,Restoran Depok
WINGS DEPOK,https://www.google.com/maps/place/WINGS+DEPOK/data=!4m7!3m6!1s0x2e69ebad2aea0717:0xeb4da4e10630abfe!8m2!3d-6.4208297!4d106.856075!16s%2Fg%2F11b7qt_7fj!19sChIJFwfqKq3raS4R_qswBuGkTes?authuser=0&hl=id&rclk=1,Restoran Depok
Wingstop Depok Town Center,https://www.google.com/maps/place/Wingstop+Depok+Town+Center/data=!4m7!3m6!1s0x2e69e9005c468317:0xa5138b6413133b93!8m2!3d-6.3949308!4d106.7931026!16s%2Fg%2F11y3cjctj3!19sChIJF4NGXADpaS4RkzsTE2SLE6U?authuser=0&hl=id&rclk=1,Restoran Depok
Lapo Toba Lamjaya Depok,https://www.google.com/maps/place/Lapo+Toba+Lamjaya+Depok/data=!4m7!3m6!1s0x2e69ebe73b7ac1e5:0x8fe8bb9dda64b219!8m2!3d-6.432488!4d106.8551139!16s%2Fg%2F11g02xgd6m!19sChIJ5cF6O-fraS4RGbJk2p276I8?authuser=0&hl=id&rclk=1,Restoran Depok
Dhillon Royal Garden Resto & Cafe,https://www.google.com/maps/place/Dhillon+Royal+Garden+Resto+%26+Cafe/data=!4m7!3m6!1s0x2e69e97f74819645:0x2dfeec3d624d06cf!8m2!3d-6.4080673!4d106.7904159!16s%2Fg%2F11t1jc4hry!19sChIJRZaBdH_paS4RzwZNYj3s_i0?authuser=0&hl=id&rclk=1,Restoran Depok
SAKI YATAI DEPOK,https://www.google.com/maps/place/SAKI+YATAI+DEPOK/data=!4m7!3m6!1s0x2e69e908f7742bbd:0x617dc0c93fb58863!8m2!3d-6.3952072!4d106.7939484!16s%2Fg%2F11ysqh4v4l!19sChIJvSt09wjpaS4RY4i1P8nAfWE?authuser=0&hl=id&rclk=1,Restoran Depok
Kebuli GAZA Depok,https://www.google.com/maps/place/Kebuli+GAZA+Depok/data=!4m7!3m6!1s0x2e69e9276837e2fd:0x7e23297ec399bbe3!8m2!3d-6.3948552!4d106.7971485!16s%2Fg%2F11qh65cy96!19sChIJ_eI3aCfpaS4R47uZw34pI34?authuser=0&hl=id&rclk=1,Restoran Depok
Bakmi Bangka 33 Chinese,https://www.google.com/maps/place/Bakmi+Bangka+33+Chinese/data=!4m7!3m6!1s0x2e69ebe0dc63e80f:0x10f95838e5028a6d!8m2!3d-6.3994158!4d106.822585!16s%2Fg%2F1tggd855!19sChIJD-hj3ODraS4RbYoC5ThY-RA?authuser=0&hl=id&rclk=1,Restoran Depok
Ikan Bakar 1000 Pulau,https://www.google.com/maps/place/Ikan+Bakar+1000+Pulau/data=!4m7!3m6!1s0x2e69ebe0dd55fd41:0x4118eece5788945f!8m2!3d-6.3993739!4d106.8188844!16s%2Fg%2F11c5vsk3df!19sChIJQf1V3eDraS4RX5SIV87uGEE?authuser=0&hl=id&rclk=1,Restoran Depok
Dapur oma 8 Depok~Chef Vincent Loen~little Bali,https://www.google.com/maps/place/Dapur+oma+8+Depok~Chef+Vincent+Loen~little+Bali/data=!4m7!3m6!1s0x2e69ebc4f7fe283b:0xef42dc22e116ce6!8m2!3d-6.3989641!4d106.8244854!16s%2Fg%2F11gk3dqb_k!19sChIJOyj-98TraS4R5mwRLsIt9A4?authuser=0&hl=id&rclk=1,Restoran Depok
Dapoer Djoeang Margonda,https://www.google.com/maps/place/Dapoer+Djoeang+Margonda/data=!4m7!3m6!1s0x2e69ed5aabb70009:0x3a51abcbe476637a!8m2!3d-6.3618772!4d106.8337864!16s%2Fg%2F11pqcjk7cz!19sChIJCQC3q1rtaS4RemN25MurUTo?authuser=0&hl=id&rclk=1,Restoran Depok
Knanga Kulineri,https://www.google.com/maps/place/Knanga+Kulineri/data=!4m7!3m6!1s0x2e69e9167591bd51:0x5bcc74971dbe0248!8m2!3d-6.4042851!4d106.7881368!16s%2Fg%2F11clvy21rq!19sChIJUb2RdRbpaS4RSAK-HZd0zFs?authuser=0&hl=id&rclk=1,Restoran Depok
"Waroeng Spesial Sambal ""SS"" Depok Sawangan",https://www.google.com/maps/place/Waroeng+Spesial+Sambal+%22SS%22+Depok+Sawangan/data=!4m7!3m6!1s0x2e69e9a337a534d7:0x8bc5f23ccd0854ce!8m2!3d-6.3935719!4d106.7893502!16s%2Fg%2F11fkdmcr14!19sChIJ1zSlN6PpaS4RzlQIzTzyxYs?authuser=0&hl=id&rclk=1,Restoran Depok
Nasi Goreng Sibontot Pancoran Mas Depok,https://www.google.com/maps/place/Nasi+Goreng+Sibontot+Pancoran+Mas+Depok/data=!4m7!3m6!1s0x2e69e99861325b83:0x54dbf3d54cc0be11!8m2!3d-6.4076882!4d106.8016987!16s%2Fg%2F11h4h2tsvg!19sChIJg1syYZjpaS4REb7ATNXz21Q?authuser=0&hl=id&rclk=1,Restoran Depok
deMargo Restaurant,https://www.google.com/maps/place/deMargo+Restaurant/data=!4m7!3m6!1s0x2e69ed6cf575fb7b:0x4b6480bfeab400ec!8m2!3d-6.372279!4d106.8333012!16s%2Fg%2F11jssg4z5f!19sChIJe_t19WztaS4R7AC06r-AZEs?authuser=0&hl=id&rclk=1,Restoran Depok
Mujigae Korean Delivery Sukmajaya Depok,https://www.google.com/maps/place/Mujigae+Korean+Delivery+Sukmajaya+Depok/data=!4m7!3m6!1s0x2e69eba6055f537d:0xdc9125e2500aeb91!8m2!3d-6.4018008!4d106.8363604!16s%2Fg%2F11rypmvgyf!19sChIJfVNfBabraS4RkesKUOIlkdw?authuser=0&hl=id&rclk=1,Restoran Depok
Top Dimsum Depok Cilangkap,https://www.google.com/maps/place/Top+Dimsum+Depok+Cilangkap/data=!4m7!3m6!1s0x2e69eba1c983bbd3:0xf7fa34392be45c4e!8m2!3d-6.4227662!4d106.8673716!16s%2Fg%2F11pwsxt4nn!19sChIJ07uDyaHraS4RTlzkKzk0-vc?authuser=0&hl=id&rclk=1,Restoran Depok
3A Korean Food - Pitara Depok,https://www.google.com/maps/place/3A+Korean+Food+-+Pitara+Depok/data=!4m7!3m6!1s0x2e69e9f7882903cb:0x64f8816b551cb095!8m2!3d-6.3997586!4d106.811268!16s%2Fg%2F11p0z5y1y_!19sChIJywMpiPfpaS4RlbAcVWuB-GQ?authuser=0&hl=id&rclk=1,Restoran Depok
Imperial Kitchen & Dimsum - Margo City,https://www.google.com/maps/place/Imperial+Kitchen+%26+Dimsum+-+Margo+City/data=!4m7!3m6!1s0x2e69ec0e69e3ebff:0x94be08755f43e5bb!8m2!3d-6.3729301!4d106.8349309!16s%2Fg%2F1ptwjj_xy!19sChIJ_-vjaQ7saS4Ru-VDX3UIvpQ?authuser=0&hl=id&rclk=1,Restoran Depok
Emerald Tree Garden Resto,https://www.google.com/maps/place/Emerald+Tree+Garden+Resto/data=!4m7!3m6!1s0x2e69e93a28ec3a3d:0x22b6e1d984b9376!8m2!3d-6.395462!4d106.7721704!16s%2Fg%2F11y2fp0_l8!19sChIJPTrsKDrpaS4RdpNLmB1uKwI?authuser=0&hl=id&rclk=1,Restoran Depok
"Rumah Poetih Resto, Coffee & Wedding Hall","https://www.google.com/maps/place/Rumah+Poetih+Resto,+Coffee+%26+Wedding+Hall/data=!4m7!3m6!1s0x2e69e948c4394047:0xb45d2f3fe822c2be!8m2!3d-6.4223056!4d106.8133278!16s%2Fg%2F11ftm51jf7!19sChIJR0A5xEjpaS4RvsIi6D8vXbQ?authuser=0&hl=id&rclk=1",Restoran Depok
Imperial Kitchen & Dimsum - Depok Town Square,https://www.google.com/maps/place/Imperial+Kitchen+%26+Dimsum+-+Depok+Town+Square/data=!4m7!3m6!1s0x2e69edba0063a1e7:0x326ce8770da3ae09!8m2!3d-6.3870337!4d106.8269074!16s%2Fg%2F11jb4444qp!19sChIJ56FjALrtaS4RCa6jDXfobDI?authuser=0&hl=id&rclk=1,Restoran Depok
Mang Kabayan,https://www.google.com/maps/place/Mang+Kabayan/data=!4m7!3m6!1s0x2e69ec16e8ff0f7b:0xbc7e07e8cf18cef!8m2!3d-6.3638303!4d106.833454!16s%2Fg%2F1wjw92j4!19sChIJew__6BbsaS4R74zxjH7gxws?authuser=0&hl=id&rclk=1,Restoran Depok
Garang Asem TW,https://www.google.com/maps/place/Garang+Asem+TW/data=!4m7!3m6!1s0x2e69ed22f482999d:0x2cab31f0e96e4ad2!8m2!3d-6.3785027!4d106.8234914!16s%2Fg%2F11jcfqgd34!19sChIJnZmC9CLtaS4R0kpu6fAxqyw?authuser=0&hl=id&rclk=1,Restoran Depok
Hanamasa Cibubur,https://www.google.com/maps/place/Hanamasa+Cibubur/data=!4m7!3m6!1s0x2e6994ac00000025:0x7b54d7252b65549d!8m2!3d-6.3755237!4d106.8973211!16s%2Fg%2F1wfp65ms!19sChIJJQAAAKyUaS4RnVRlKyXXVHs?authuser=0&hl=id&rclk=1,Restoran Depok
Cafe 7 & resto sama sama coffee,https://www.google.com/maps/place/Cafe+7+%26+resto+sama+sama+coffee/data=!4m7!3m6!1s0x2e69e983d453c61d:0x481394f1fe339474!8m2!3d-6.4021765!4d106.7987854!16s%2Fg%2F11mkpshhbt!19sChIJHcZT1IPpaS4RdJQz_vGUE0g?authuser=0&hl=id&rclk=1,Restoran Depok
KFC Margonda,https://www.google.com/maps/place/KFC+Margonda/data=!4m7!3m6!1s0x2e69ebf2ffffffff:0x9214853a449aafcb!8m2!3d-6.3745849!4d106.8328374!16s%2Fg%2F12ml2yn4r!19sChIJ______LraS4Ry6-aRDqFFJI?authuser=0&hl=id&rclk=1,Restoran Depok
"Sate Senayan, Depok","https://www.google.com/maps/place/Sate+Senayan,+Depok/data=!4m7!3m6!1s0x2e69ec08cbae4c75:0x2af8c264058de598!8m2!3d-6.385815!4d106.828846!16s%2Fg%2F1v_swrdn!19sChIJdUyuywjsaS4RmOWNBWTC-Co?authuser=0&hl=id&rclk=1",Restoran Depok
Dapoer SM,https://www.google.com/maps/place/Dapoer+SM/data=!4m7!3m6!1s0x2e69efed5a0bf9f3:0xebf416973a405bb!8m2!3d-6.3749551!4d106.8080605!16s%2Fg%2F11qyg0_d01!19sChIJ8_kLWu3vaS4RuwWkc2lBvw4?authuser=0&hl=id&rclk=1,Restoran Depok
Emados Sawangan DTC Depok,https://www.google.com/maps/place/Emados+Sawangan+DTC+Depok/data=!4m7!3m6!1s0x2e69e98b9b4bc457:0x980c101882a5d56e!8m2!3d-6.3944393!4d106.7941032!16s%2Fg%2F11rvjt3sfh!19sChIJV8RLm4vpaS4RbtWlghgQDJg?authuser=0&hl=id&rclk=1,Restoran Depok
Seblak Jeletot Teh Wina 7 Jatijajar,https://www.google.com/maps/place/Seblak+Jeletot+Teh+Wina+7+Jatijajar/data=!4m7!3m6!1s0x2e69eb80d12f4b61:0xc67e85d78cf0dc30!8m2!3d-6.4205664!4d106.8641632!16s%2Fg%2F11p5jd2b0w!19sChIJYUsv0YDraS4RMNzwjNeFfsY?authuser=0&hl=id&rclk=1,Restoran Depok
Walking Drums Margonda Depok,https://www.google.com/maps/place/Walking+Drums+Margonda+Depok/data=!4m7!3m6!1s0x2e69ede92b77cd85:0x6d7bfa1c7a8425fe!8m2!3d-6.3671129!4d106.8343545!16s%2Fg%2F11hzn4nrmg!19sChIJhc13K-ntaS4R_iWEehz6e20?authuser=0&hl=id&rclk=1,Restoran Depok
HokBen Kitchen Sawangan Depok,https://www.google.com/maps/place/HokBen+Kitchen+Sawangan+Depok/data=!4m7!3m6!1s0x2e69e93de5f58d2b:0x6cf6cdca4a20b899!8m2!3d-6.3945093!4d106.7927826!16s%2Fg%2F11nnvkgfyp!19sChIJK4315T3paS4RmbggSsrN9mw?authuser=0&hl=id&rclk=1,Restoran Depok
Gado-Gado Bu Yati (Dapur Bu Yati),https://www.google.com/maps/place/Gado-Gado+Bu+Yati+%28Dapur+Bu+Yati%29/data=!4m7!3m6!1s0x2e69ebb2c5427e6d:0xc74cf6afb54a3693!8m2!3d-6.4244188!4d106.8641999!16s%2Fg%2F11kgrt_p12!19sChIJbX5CxbLraS4RkzZKta_2TMc?authuser=0&hl=id&rclk=1,Restoran Depok
Ayam Guling Dapur Depok,https://www.google.com/maps/place/Ayam+Guling+Dapur+Depok/data=!4m7!3m6!1s0x2e69eaf8c89d25bf:0xdbce3705119aff8e!8m2!3d-6.4262876!4d106.8667249!16s%2Fg%2F11f5h84pwl!19sChIJvyWdyPjqaS4Rjv-aEQU3zts?authuser=0&hl=id&rclk=1,Restoran Depok
Resto bu murni dan Resto Emak Enoy,https://www.google.com/maps/place/Resto+bu+murni+dan+Resto+Emak+Enoy/data=!4m7!3m6!1s0x2e69e9df59435c93:0xaebfa9141aaa5679!8m2!3d-6.3987502!4d106.7983558!16s%2Fg%2F11r1t300lc!19sChIJk1xDWd_paS4ReVaqGhSpv64?authuser=0&hl=id&rclk=1,Restoran Depok
Pizza Hut Restoran,https://www.google.com/maps/place/Pizza+Hut+Restoran/data=!4m7!3m6!1s0x2e69ebc0517adf29:0x485b9e0875458a88!8m2!3d-6.4034652!4d106.8361817!16s%2Fg%2F1td8ntzr!19sChIJKd96UcDraS4RiIpFdQieW0g?authuser=0&hl=id&rclk=1,Restoran Depok
Warung Adat Depok,https://www.google.com/maps/place/Warung+Adat+Depok/data=!4m7!3m6!1s0x2e69e97302a9eed3:0x9a9871c449aad149!8m2!3d-6.3992835!4d106.779708!16s%2Fg%2F11tbz4841c!19sChIJ0-6pAnPpaS4RSdGqScRxmJo?authuser=0&hl=id&rclk=1,Restoran Depok
Tamelo Atap Cafe,https://www.google.com/maps/place/Tamelo+Atap+Cafe/data=!4m7!3m6!1s0x2e69ed0d6f25ff5b:0xe945ec66de613c2a!8m2!3d-6.3599823!4d106.8324638!16s%2Fg%2F11h7sw1n18!19sChIJW_8lbw3taS4RKjxh3mbsRek?authuser=0&hl=id&rclk=1,Restoran Depok
